<?xml version="1.0" encoding="UTF-8"?>
<!--
  ~ Copyright 2021 Open Networking Foundation
  ~
  ~ Licensed under the Apache License, Version 2.0 (the "License");
  ~ you may not use this file except in compliance with the License.
  ~ You may obtain a copy of the License at
  ~
  ~     http://www.apache.org/licenses/LICENSE-2.0
  ~
  ~ Unless required by applicable law or agreed to in writing, software
  ~ distributed under the License is distributed on an "AS IS" BASIS,
  ~ WITHOUT WARRANTIES OR CONDITIONS OF ANY KIND, either express or implied.
  ~ See the License for the specific language governing permissions and
  ~ limitations under the License.
  -->
<project xmlns="http://maven.apache.org/POM/4.0.0" xmlns:xsi="http://www.w3.org/2001/XMLSchema-instance" xsi:schemaLocation="http://maven.apache.org/POM/4.0.0 http://maven.apache.org/xsd/maven-4.0.0.xsd">
    <modelVersion>4.0.0</modelVersion>

    <groupId>org.student</groupId>
    <artifactId>student-virtnetwork</artifactId>
    <version>1.0-SNAPSHOT</version>
    <packaging>bundle</packaging>

    <description>ONOS OSGi bundle archetype</description>
    <url>http://onosproject.org</url>

    <properties>
        <project.build.sourceEncoding>UTF-8</project.build.sourceEncoding>
        <onos.version>2.1.0</onos.version>
        <onos.app.name>org.student.virtnetwork2</onos.app.name>
        <onos.app.title>Student Virtual Network 2 App</onos.app.title>
        <onos.app.origin>Student, Inc.</onos.app.origin>
        <onos.app.category>default</onos.app.category>
        <onos.app.url>http://onosproject.org</onos.app.url>
        <onos.app.readme>ONOS OSGi bundle archetype.</onos.app.readme>
    </properties>

    <dependencies>
        <dependency>
            <groupId>org.onosproject</groupId>
            <artifactId>onos-api</artifactId>
            <version>${onos.version}</version>
        </dependency>

        <dependency>
            <groupId>org.onosproject</groupId>
            <artifactId>onlab-osgi</artifactId>
            <version>${onos.version}</version>
        </dependency>

        <dependency>
            <groupId>org.onosproject</groupId>
            <artifactId>onlab-misc</artifactId>
            <version>${onos.version}</version>
        </dependency>

        <dependency>
            <groupId>org.slf4j</groupId>
            <artifactId>slf4j-api</artifactId>
            <version>1.7.25</version>
            <scope>provided</scope>
        </dependency>

        <dependency>
            <groupId>com.google.guava</groupId>
            <artifactId>guava</artifactId>
            <version>22.0</version>
            <scope>provided</scope>
        </dependency>

        <dependency>
            <groupId>com.fasterxml.jackson.core</groupId>
            <artifactId>jackson-databind</artifactId>
            <version>2.9.5</version>
            <scope>provided</scope>
        </dependency>

        <dependency>
            <groupId>junit</groupId>
            <artifactId>junit</artifactId>
            <version>4.12</version>
            <scope>test</scope>
        </dependency>

        <dependency>
            <groupId>org.onosproject</groupId>
            <artifactId>onos-api</artifactId>
            <version>${onos.version}</version>
            <scope>test</scope>
            <classifier>tests</classifier>
        </dependency>

        <dependency>
            <groupId>org.osgi</groupId>
            <artifactId>org.osgi.service.component</artifactId>
            <version>1.4.0</version>
            <scope>provided</scope>
        </dependency>

        <dependency>
            <groupId>org.osgi</groupId>
            <artifactId>org.osgi.service.component.annotations</artifactId>
            <version>1.4.0</version>
            <scope>provided</scope>
        </dependency>    </dependencies>

    <build>
        <plugins>
            <plugin>
                <groupId>org.apache.felix</groupId>
                <artifactId>maven-bundle-plugin</artifactId>
                <version>3.5.0</version>
                <extensions>true</extensions>
            </plugin>
            <plugin>
                <groupId>org.apache.maven.plugins</groupId>
                <artifactId>maven-compiler-plugin</artifactId>
                <version>3.8.0</version>
                <configuration>
                    <source>1.8</source>
                    <target>1.8</target>
                </configuration>
            </plugin>
            <plugin>
                <groupId>org.apache.felix</groupId>
                <artifactId>maven-scr-plugin</artifactId>
                <version>1.26.0</version>
                <configuration>
                    <supportedProjectTypes>
                        <supportedProjectType>bundle</supportedProjectType>
                        <supportedProjectType>war</supportedProjectType>
                    </supportedProjectTypes>
                </configuration>
            </plugin>
            <plugin>
                <groupId>org.onosproject</groupId>
                <artifactId>onos-maven-plugin</artifactId>
                <version>2.1</version>
                <executions>
                    <execution>
                        <id>cfg</id>
                        <phase>generate-resources</phase>
                        <goals>
                            <goal>cfg</goal>
                        </goals>
                    </execution>
                    <execution>
                        <id>swagger</id>
                        <phase>generate-sources</phase>
                        <goals>
                            <goal>swagger</goal>
                        </goals>
                    </execution>
                    <execution>
                        <id>app</id>
                        <phase>package</phase>
                        <goals>
                            <goal>app</goal>
                        </goals>
                    </execution>
                </executions>
            </plugin>
        </plugins>
    </build>

</project>
